"Data","Ostatnio","Otwarcie","Max.","Min.","Wol.","Zmiana%"
"2023-03-31","129.71","129.45","129.84","127.98","424.61K","0.23%"
"2023-03-30","129.41","128.82","129.65","127.44","342.42K","1.24%"
"2023-03-29","127.82","125.6","127.99","125.42","348.20K","0.79%"
"2023-03-28","126.82","126.17","127.29","123.98","548.72K","0.67%"
"2023-03-27","125.98","123.66","126.65","123.19","344.95K","-0.36%"
"2023-03-24","126.44","125.82","128.09","124.62","418.29K","1.33%"
"2023-03-23","124.78","122.63","126.42","121.68","377.06K","2.25%"
"2023-03-22","122.04","121.76","124.41","121.18","419.48K","0.12%"
"2023-03-21","121.89","124.22","124.77","120.57","557.39K","-3.22%"
"2023-03-20","125.94","126.18","127","123.62","576.88K","0.39%"
"2023-03-17","125.45","121.7","126.14","121.1","1.39M","4.49%"
"2023-03-16","120.06","121.1","121.1","117.54","439.00K","-0.41%"
"2023-03-15","120.56","121.45","122.68","119.16","652.28K","0.57%"
"2023-03-14","119.88","118.69","120.03","117.48","562.89K","1.37%"
"2023-03-13","118.26","117.1","120.04","116.5","779.21K","4.25%"
"2023-03-10","113.44","114.22","116.43","113.3","643.71K","0.47%"
"2023-03-09","112.91","113.17","114.5","112.43","395.04K","0.83%"
"2023-03-08","111.98","113.19","113.96","111.53","419.37K","-0.81%"
"2023-03-07","112.9","116.02","116.74","111.65","558.27K","-3.88%"
"2023-03-06","117.46","119.76","120","116.27","752.23K","-2.5%"
"2023-03-03","120.47","122.15","122.36","120.13","544.80K","-0.19%"
"2023-03-02","120.7","119.4","120.73","119.08","321.08K","-0.08%"
"2023-03-01","120.8","120.46","121.77","119.4","295.48K","1.69%"
"2023-02-28","118.79","118.25","120.46","117.67","476.67K","0.46%"
"2023-02-27","118.25","117.19","118.49","116.93","323.88K","1.47%"
"2023-02-24","116.54","116.1","117.06","115.61","468.99K","-0.87%"
"2023-02-23","117.56","119.3","119.65","117.21","416.62K","-1.52%"
"2023-02-22","119.37","121","121","118.11","441.06K","-1.7%"
"2023-02-21","121.44","121.51","122.79","120.53","357.76K","-0.41%"
"2023-02-17","121.94","121.55","122.76","119.77","343.65K","-0.67%"
"2023-02-16","122.76","122.26","124.18","121.45","546.72K","-0.37%"
"2023-02-15","123.22","122.99","123.95","122.71","389.15K","-2.14%"
"2023-02-14","125.91","123.63","126.3","122.13","462.94K","1.52%"
"2023-02-13","124.03","122.95","124.58","122.02","340.98K","0.21%"
"2023-02-10","123.77","123.2","124.37","122.1","438.63K","0.34%"
"2023-02-09","123.35","126.97","126.97","123.19","309.74K","-2.24%"
"2023-02-08","126.17","126.43","127.55","125.23","377.36K","0.06%"
"2023-02-07","126.1","125.88","127.15","124.3","642.33K","0.53%"
"2023-02-06","125.44","123.42","126","122.72","684.41K","0.76%"
"2023-02-03","124.49","125.32","126.32","122.88","468.53K","-2.67%"
"2023-02-02","127.91","130.76","131.25","126.25","402.35K","-2.04%"
"2023-02-01","130.57","126.5","131.43","126.39","453.24K","2.79%"
"2023-01-31","127.03","126.89","127.65","125.62","1.09M","-0.64%"
"2023-01-30","127.85","127.94","128.84","127.52","349.74K","-0.24%"
"2023-01-27","128.16","129.2","129.23","127.61","238.70K","-1.2%"
"2023-01-26","129.72","131.23","131.6","128.13","391.71K","-1.3%"
"2023-01-25","131.43","127.5","131.89","127.5","459.54K","2.43%"
"2023-01-24","128.31","125.04","128.6","125.04","305.78K","1.56%"
"2023-01-23","126.34","125.21","126.62","124.2","306.47K","0.21%"
"2023-01-20","126.07","123.97","126.28","123.61","263.98K","0.77%"
"2023-01-19","125.11","123.14","125.73","122.43","396.67K","2.06%"
"2023-01-18","122.59","125.26","126.43","122.44","301.23K","-1.03%"
"2023-01-17","123.86","127.92","127.94","123.63","635.47K","-3.72%"
"2023-01-13","128.65","127.04","129.22","127.01","436.90K","1.47%"
"2023-01-12","126.78","126","127.84","124.26","338.14K","1.89%"
"2023-01-11","124.43","124.89","125.12","122.51","399.41K","-0.24%"
"2023-01-10","124.73","122.4","124.77","121.76","397.42K","1.9%"
"2023-01-09","122.41","125.79","125.8","122.21","543.05K","-1.91%"
"2023-01-06","124.79","123.02","126.48","122.3","623.90K","3.53%"
"2023-01-05","120.53","117.42","120.62","116.76","358.21K","1.1%"
"2023-01-04","119.22","118.77","120.97","118.77","681.98K","2.05%"
"2023-01-03","116.83","114.29","116.98","114.29","583.89K","3.65%"
"2022-12-30","112.72","112.65","112.95","111.5","302.86K","0.42%"
"2022-12-29","112.25","112.87","113.41","111.98","368.37K","0.67%"
"2022-12-28","111.5","113.53","114.06","111.21","321.83K","-2.54%"
"2022-12-27","114.41","113.34","115.89","113","339.94K","1.39%"
"2022-12-23","112.84","112.49","113.7","110.91","340.56K","0.94%"
"2022-12-22","111.79","111.15","111.85","109.73","443.70K","-0.17%"
"2022-12-21","111.98","111.09","112.7","110.66","470.90K","1.44%"
"2022-12-20","110.39","109","111.76","108.65","529.14K","3.62%"
"2022-12-19","106.53","107.93","108.28","105.78","422.60K","-0.81%"
"2022-12-16","107.39","106.44","108.28","106.35","1.81M","0.42%"
"2022-12-15","106.94","108.84","109.73","106.58","526.86K","-4.14%"
"2022-12-14","111.56","112.27","113.15","110.32","548.31K","-0.78%"
"2022-12-13","112.44","112.78","113.73","110.68","520.64K","3.17%"
"2022-12-12","108.99","109.18","109.63","106.75","561.05K","-1.41%"
"2022-12-09","110.55","112.8","113.63","110.4","328.69K","-1.29%"
"2022-12-08","111.99","112.53","113.13","111.35","311.41K","0.35%"
"2022-12-07","111.6","112.05","113.13","110.66","341.72K","0.84%"
"2022-12-06","110.67","111.86","112.49","110.23","388.39K","0.18%"
"2022-12-05","110.47","112.64","112.64","110.04","356.34K","-2.85%"
"2022-12-02","113.71","112.07","114.63","111.81","381.54K","-0.25%"
"2022-12-01","114","114.61","116.04","112.54","603.92K","1.49%"
"2022-11-30","112.33","109.9","112.74","108.44","660.31K","3.31%"
"2022-11-29","108.73","106.67","109.04","106.5","933.29K","3.35%"
"2022-11-28","105.21","108.01","108.34","105.08","275.97K","-3.05%"
"2022-11-25","108.52","109.34","109.7","107.92","136.07K","-1.44%"
"2022-11-23","110.1","108.96","110.71","107.66","284.09K","0.57%"
"2022-11-22","109.48","105.91","110.12","105.84","408.14K","4.28%"
"2022-11-21","104.99","104.34","105.11","103.63","217.14K","0.57%"
"2022-11-18","104.4","101.64","104.47","101.64","221.39K","1.41%"
"2022-11-17","102.95","103.29","104.16","101.93","279.03K","-2.61%"
"2022-11-16","105.71","105.65","106.73","104.93","276.65K","0.06%"
"2022-11-15","105.65","107.56","107.99","104.61","347.83K","-0.78%"
"2022-11-14","106.48","104.76","106.8","103.02","377.04K","1.31%"
"2022-11-11","105.1","105.53","106.33","103.07","317.92K","0.07%"
"2022-11-10","105.03","104.59","106.64","104.4","535.16K","4.33%"
"2022-11-09","100.67","101","102.26","99.83","493.88K","-0.75%"
"2022-11-08","101.43","95.88","102.42","95.65","556.28K","5.81%"
"2022-11-07","95.86","95.69","97.27","95.37","495.29K","0.19%"
"2022-11-04","95.68","90.4","96.02","90.4","869.10K","9.26%"
"2022-11-03","87.57","89.65","89.81","86.75","967.48K","-4.89%"
"2022-11-02","92.07","97.85","98.15","91.93","651.33K","-5.21%"
"2022-11-01","97.13","96.81","97.44","95.64","479.96K","2.29%"
"2022-10-31","94.96","95.77","96.49","94.46","600.70K","-1.75%"
"2022-10-28","96.65","96","96.75","95.24","245.33K","-0.42%"
"2022-10-27","97.06","98.49","98.89","96.95","304.62K","-1.41%"
"2022-10-26","98.45","97.26","99.92","97.03","406.19K","2.17%"
"2022-10-25","96.36","94.85","96.43","94.62","294.47K","2.04%"
"2022-10-24","94.43","94.26","94.91","93.22","293.98K","-0.91%"
"2022-10-21","95.3","92.48","95.94","91.57","483.49K","4.06%"
"2022-10-20","91.58","91.13","93.29","90.45","342.22K","0.86%"
"2022-10-19","90.8","91.17","91.71","90","482.78K","-2.87%"
"2022-10-18","93.48","92.87","93.58","92.25","407.91K","1.97%"
"2022-10-17","91.67","91.48","93.76","91.27","471.91K","2.39%"
"2022-10-14","89.53","91.85","91.89","89.07","382.45K","-3.3%"
"2022-10-13","92.59","91.11","93.62","87.68","503.83K","-1.83%"
"2022-10-12","94.32","94.82","96","93.42","316.51K","-0.5%"
"2022-10-11","94.79","93.79","96.78","93.11","462.54K","1.07%"
"2022-10-10","93.79","93.25","95.21","92.56","333.95K","-0.1%"
"2022-10-07","93.88","97.99","98.33","93.71","579.04K","-5.58%"
"2022-10-06","99.43","96.76","99.66","96.76","435.72K","1.99%"
"2022-10-05","97.49","97.19","97.73","95.69","328.14K","-1.63%"
"2022-10-04","99.11","97.88","99.77","97.59","419.78K","2.75%"
"2022-10-03","96.46","95.31","97.94","94.2","645.20K","2.81%"
"2022-09-30","93.82","92.4","95.3","92.29","545.60K","0.97%"
"2022-09-29","92.92","92.3","93.79","91.66","592.37K","0.09%"
"2022-09-28","92.84","88.2","93","88.2","682.46K","7.13%"
"2022-09-27","86.66","87.56","88.29","86.15","412.67K","0.23%"
"2022-09-26","86.46","87.45","88.43","84.54","529.31K","-1.97%"
"2022-09-23","88.2","89.87","89.95","87.06","512.44K","-4.01%"
"2022-09-22","91.88","92.94","93.77","91.22","310.50K","-0.54%"
"2022-09-21","92.38","93.43","94.61","91.73","393.62K","-0.28%"
"2022-09-20","92.64","92.41","93.3","91.15","367.44K","-1.15%"
"2022-09-19","93.72","92.2","94.18","91.8","397.63K","0.49%"
"2022-09-16","93.26","91.34","94.72","90.37","891.54K","1.69%"
"2022-09-15","91.71","92.89","93.56","90.69","643.88K","-2.01%"
"2022-09-14","93.59","93.57","94.88","92.99","382.04K","0.24%"
"2022-09-13","93.37","93.29","95.22","93","495.90K","-2.88%"
"2022-09-12","96.14","97.14","97.25","95.56","445.54K","0.09%"
"2022-09-09","96.05","95.34","96.46","94.77","330.53K","1.7%"
"2022-09-08","94.44","93.73","95.19","93.18","429.39K","0.19%"
"2022-09-07","94.26","91.26","95.04","91.15","449.27K","3.04%"
"2022-09-06","91.48","91.35","91.95","90.51","578.76K","1.14%"
"2022-09-02","90.45","90.38","92.11","89.28","588.74K","1.58%"
"2022-09-01","89.04","90.52","91.7","88.64","576.33K","-3.11%"
"2022-08-31","91.9","93.62","94.21","91.81","774.26K","-2.21%"
"2022-08-30","93.98","95","95.02","93.62","507.71K","-1.35%"
"2022-08-29","95.27","96.18","96.86","95.12","281.49K","-1.03%"
"2022-08-26","96.26","99.58","99.71","95.62","342.98K","-3.3%"
"2022-08-25","99.55","100.44","100.66","98.79","339.89K","-0.49%"
"2022-08-24","100.04","98.54","100.57","97.77","300.18K","1.19%"
"2022-08-23","98.86","97.25","99.54","97.25","546.92K","1.67%"
"2022-08-22","97.24","96.3","98.3","96.3","360.46K","0.04%"
"2022-08-19","97.2","99.97","99.97","96.93","535.61K","-2.95%"
"2022-08-18","100.15","100","101.1","99.78","591.25K","0.26%"
"2022-08-17","99.89","101.37","101.37","99.18","717.62K","-1.75%"
"2022-08-16","101.67","100.89","101.81","99.24","394.46K","0.8%"
"2022-08-15","100.86","100.58","101.49","99.62","506.85K","-1.94%"
"2022-08-12","102.86","102.15","103.25","101.92","462.15K","1.39%"
"2022-08-11","101.45","104.16","104.2","101.15","611.84K","-2.53%"
"2022-08-10","104.08","104.85","105.28","103.42","512.12K","-0.04%"
"2022-08-09","104.12","105.4","105.74","103.12","533.44K","-0.57%"
"2022-08-08","104.72","104.17","105.5","103.08","609.35K","2.00%"
"2022-08-05","102.67","100.93","102.71","98.49","716.18K","-0.02%"
"2022-08-04","102.69","103.83","103.83","98.22","1.00M","0.96%"
"2022-08-03","101.71","103.92","103.94","101.21","577.88K","-2.51%"
"2022-08-02","104.33","105.5","106.04","103.39","703.63K","-1.19%"
"2022-08-01","105.59","105.1","105.66","103.13","429.63K","0.78%"
"2022-07-29","104.77","105.49","105.49","102.5","951.62K","0.26%"
"2022-07-28","104.5","105.5","107.12","103.78","455.90K","0.74%"
"2022-07-27","103.73","102.96","104.46","101.27","416.38K","0.75%"
"2022-07-26","102.96","100.97","103.3","100.97","438.35K","2.45%"
"2022-07-25","100.5","102.3","102.69","99.57","471.61K","-1.77%"
"2022-07-22","102.31","103.9","105.4","101.81","376.07K","-0.42%"
"2022-07-21","102.74","100.53","104.09","100.14","544.73K","3.02%"
"2022-07-20","99.73","103.1","103.67","99.54","601.38K","-3.25%"
"2022-07-19","103.08","102.5","103.9","102.21","414.10K","0.61%"
"2022-07-18","102.46","104.11","105.28","102.4","411.72K","-0.91%"
"2022-07-15","103.4","104.5","104.5","102.35","435.15K","-0.35%"
"2022-07-14","103.76","103.39","104.39","101.1","476.02K","-2.67%"
"2022-07-13","106.61","104.34","108.93","104.34","462.75K","1.29%"
"2022-07-12","105.25","108.9","109.13","104.57","701.57K","-3.18%"
"2022-07-11","108.71","107.38","109.57","106.79","455.66K","0.85%"
"2022-07-08","107.79","108.25","109.7","106.99","488.30K","-0.23%"
"2022-07-07","108.04","106.91","108.94","106.5","348.70K","1.29%"
"2022-07-06","106.66","107.98","108.06","103.77","501.90K","-0.97%"
"2022-07-05","107.7","110","110.14","104.78","620.29K","-2.31%"
"2022-07-01","110.25","105.79","110.73","105.28","373.11K","3.25%"
"2022-06-30","106.78","109.64","109.92","106.31","367.62K","-2.72%"
"2022-06-29","109.76","111.33","111.77","108.88","396.41K","-0.48%"
"2022-06-28","110.29","110.66","110.98","109.55","468.04K","0.13%"
"2022-06-27","110.15","109.84","110.54","108.19","433.20K","0.43%"
"2022-06-24","109.68","107.44","109.85","106.17","771.38K","2.24%"
"2022-06-23","107.28","108.97","110.5","106.52","403.87K","-1.76%"
"2022-06-22","109.2","109.47","111.54","108.69","318.25K","-0.45%"
"2022-06-21","109.69","108.42","111.24","108.33","396.40K","0.7%"
"2022-06-17","108.93","109.2","110.05","108.12","1.30M","-0.24%"
"2022-06-16","109.19","106.28","109.77","105.43","692.46K","1.98%"
"2022-06-15","107.07","107.99","109.3","103.58","947.18K","1.17%"
"2022-06-14","105.83","108.38","109","105.4","857.33K","-2.94%"
"2022-06-13","109.04","113","113.6","108.15","705.24K","-5.05%"
"2022-06-10","114.84","110.08","115.72","108.89","593.89K","3.44%"
"2022-06-09","111.02","114.55","114.94","110.92","644.55K","-3.61%"
"2022-06-08","115.18","116","116.14","114.62","602.01K","-1.12%"
"2022-06-07","116.48","114.47","116.58","114.47","422.62K","1.43%"
"2022-06-06","114.84","116.71","117.26","114","481.22K","-1.05%"
"2022-06-03","116.06","117","118.33","115.36","463.29K","-2.14%"
"2022-06-02","118.6","115.62","118.73","115.62","483.98K","3.64%"
"2022-06-01","114.44","113.76","115.5","112.13","483.08K","1.2%"
"2022-05-31","113.08","115.81","116.73","112.61","615.64K","-1.95%"
"2022-05-27","115.33","116.23","116.97","114.68","513.88K","0.27%"
"2022-05-26","115.02","114.73","115.31","113.79","607.54K","0.17%"
"2022-05-25","114.83","113.79","115.44","113.25","404.58K","0.03%"
"2022-05-24","114.8","114.59","115.85","113.32","547.52K","0.82%"
"2022-05-23","113.87","116.42","117.31","113.59","506.73K","-0.47%"
"2022-05-20","114.41","115.39","115.43","112.1","572.01K","-1.3%"
"2022-05-19","115.92","113.72","116.77","113.72","549.85K","3.22%"
"2022-05-18","112.3","116.3","117.02","112.25","480.47K","-3.55%"
"2022-05-17","116.43","118.21","118.57","115.41","407.43K","-0.15%"
"2022-05-16","116.6","118.08","118.43","116.08","355.45K","-1.19%"
"2022-05-13","118","117.7","119.59","116.45","398.09K","0.1%"
"2022-05-12","117.88","120.62","121.92","116.25","661.53K","-3.51%"
"2022-05-11","122.17","122.96","125.08","121.66","462.15K","0.57%"
"2022-05-10","121.48","124.48","125.13","120.45","720.26K","-1.7%"
"2022-05-09","123.58","127.16","127.64","122.69","546.06K","-5.04%"
"2022-05-06","130.14","131.32","133.38","129.18","468.75K","-1.84%"
"2022-05-05","132.58","136.67","137.33","130.17","520.68K","-0.47%"
"2022-05-04","133.21","130.32","133.38","129.52","529.01K","1.52%"
"2022-05-03","131.22","130.38","133","130.38","374.80K","0.69%"
"2022-05-02","130.32","127.93","131.39","127.54","716.99K","-0.12%"
"2022-04-29","130.48","132.7","133.21","129.45","1.36M","-0.67%"
"2022-04-28","131.36","130.37","131.71","129.03","510.25K","0.81%"
"2022-04-27","130.31","132","132.92","130.05","479.45K","-0.9%"
"2022-04-26","131.5","135.99","135.99","131.34","603.19K","-2.56%"
"2022-04-25","134.96","133.72","136.17","130.7","870.50K","-1.7%"
"2022-04-22","137.29","137.93","139.53","135.53","552.57K","-1.96%"
"2022-04-21","140.04","143.45","143.45","138.34","480.07K","-2.91%"
"2022-04-20","144.23","142.1","144.46","141.5","323.32K","1.49%"
"2022-04-19","142.11","142.64","143.5","141.11","331.47K","-0.91%"
"2022-04-18","143.42","146.43","147.06","143.33","380.67K","-1.04%"
"2022-04-14","144.93","143.81","145.06","142.45","458.74K","0.21%"
"2022-04-13","144.62","144.47","145.68","143.36","503.87K","0.7%"
"2022-04-12","143.62","145.43","146.81","143.42","431.02K","-0.54%"
"2022-04-11","144.4","147.68","147.7","143.46","443.69K","-0.45%"
"2022-04-08","145.05","145","146.31","143.97","369.47K","0.57%"
"2022-04-07","144.23","143.4","144.81","143.08","391.99K","0.75%"
"2022-04-06","143.16","142.2","144.9","141.81","533.49K","0.84%"
"2022-04-05","141.97","144.2","146.33","140.78","683.31K","-2.04%"
"2022-04-04","144.92","146.33","147.52","143.18","376.73K","-0.96%"
"2022-04-01","146.33","140.13","146.62","140.13","527.09K","3.57%"
"2022-03-31","141.28","142.2","143.35","141","382.76K","-0.79%"
"2022-03-30","142.4","141.5","142.46","140.44","334.33K","0.99%"
"2022-03-29","141","136.8","141.19","135.25","458.60K","0.9%"
"2022-03-28","139.74","139.37","141.33","138.12","368.41K","-0.42%"
"2022-03-25","140.33","139.04","140.5","137.79","468.50K","0.04%"
"2022-03-24","140.28","141.5","142.67","139.01","467.05K","-0.36%"
"2022-03-23","140.79","138.27","141.51","137.51","401.97K","2.46%"
"2022-03-22","137.41","138.7","139.09","136.38","462.99K","-1.3%"
"2022-03-21","139.22","137.73","140.96","137.73","555.99K","1.5%"
"2022-03-18","137.16","136.48","137.49","134.25","1.61M","0.4%"
"2022-03-17","136.61","136.53","139.71","135.76","555.62K","1.23%"
"2022-03-16","134.95","135.96","137.36","133.04","622.70K","-0.88%"
"2022-03-15","136.15","130.68","137.2","130.53","562.98K","1.75%"
"2022-03-14","133.81","134.54","136.03","132.29","746.41K","-2.46%"
"2022-03-11","137.18","132.7","138.7","131.87","796.63K","0.72%"
"2022-03-10","136.2","131.95","137.15","131.5","983.75K","3.68%"
"2022-03-09","131.37","123.02","131.78","123","670.88K","0.67%"
"2022-03-08","130.49","130.69","134","129.07","925.71K","0.77%"
"2022-03-07","129.49","129.25","131.1","127.12","776.81K","0.73%"
"2022-03-04","128.55","127.72","129.37","127.25","573.83K","1.47%"
"2022-03-03","126.69","126.5","127.41","124.89","400.36K","0.44%"
"2022-03-02","126.13","124.2","126.67","123.53","568.97K","-0.62%"
"2022-03-01","126.92","121.58","128.17","121.58","847.42K","4.67%"
"2022-02-28","121.26","121.24","122.21","120.34","577.46K","0.63%"
"2022-02-25","120.5","115.57","120.66","114.86","445.33K","3.58%"
"2022-02-24","116.34","124.4","125.06","114.29","674.15K","-2.84%"
"2022-02-23","119.74","117.8","120.79","116.91","775.55K","1.00%"
"2022-02-22","118.55","122.06","123.16","118.53","863.14K","-1.26%"
"2022-02-18","120.06","119.54","120.46","117.44","808.45K","1.07%"
"2022-02-17","118.79","112.58","119.98","111.51","855.67K","7.58%"
"2022-02-16","110.42","110","111.29","109.6","518.05K","1.29%"
"2022-02-15","109.01","106.83","109.31","105.52","575.38K","-0.03%"
"2022-02-14","109.04","109","109.53","107.43","443.28K","0.74%"
"2022-02-11","108.24","101.77","108.72","101.63","567.40K","6.77%"
"2022-02-10","101.38","104.59","106","100.75","491.76K","-3.8%"
"2022-02-09","105.38","106.44","107.29","105.13","482.90K","-0.91%"
"2022-02-08","106.35","104.75","106.44","104.53","410.11K","1.8%"
"2022-02-07","104.47","103","105.04","101.78","351.38K","2.19%"
"2022-02-04","102.23","101.49","103.43","101.21","279.22K","0.42%"
"2022-02-03","101.8","103.47","103.63","101.66","315.80K","-2.05%"
"2022-02-02","103.93","103.45","104.96","102.15","513.27K","1.00%"
"2022-02-01","102.9","102.27","103.43","101.3","469.57K","1.33%"
"2022-01-31","101.55","99.65","102.2","98.66","2.22M","2.27%"
"2022-01-28","99.3","99.01","99.89","97.96","871.65K","-0.67%"
"2022-01-27","99.97","100.6","102.42","99.69","746.82K","-1.62%"
"2022-01-26","101.62","102.07","103.5","101.42","1.16M","-1.53%"
"2022-01-25","103.2","102.31","104.06","101.86","765.65K","0.68%"
"2022-01-24","102.5","101.76","102.92","100.35","813.43K","0.24%"
"2022-01-21","102.25","104.43","104.56","101.38","443.28K","-1.63%"
"2022-01-20","103.94","105.85","106.45","103.87","484.53K","-1.13%"
"2022-01-19","105.13","100.25","105.54","100.25","521.85K","5.71%"
"2022-01-18","99.45","99.54","100.01","98.14","398.14K","-0.08%"
"2022-01-14","99.53","101.25","101.37","98.71","274.31K","-1.63%"
"2022-01-13","101.18","102.43","102.73","100.92","269.99K","-1.16%"
"2022-01-12","102.37","102.32","103.07","101","427.08K","0.05%"
"2022-01-11","102.32","101.96","102.61","100.7","575.86K","0.35%"
"2022-01-10","101.96","99.29","102.78","98.92","761.53K","2.69%"
"2022-01-07","99.29","98.5","99.82","97.57","536.90K","0.75%"
"2022-01-06","98.55","99.98","100.39","97.98","480.10K","-3.02%"
"2022-01-05","101.62","103.35","104.6","101.4","450.71K","-0.96%"
"2022-01-04","102.61","104","104.69","102.3","482.47K","-0.93%"
"2022-01-03","103.57","103.67","104.8","103.07","293.29K","-1.56%"
"2021-12-31","105.21","104.98","105.59","104.57","141.22K","0.46%"
"2021-12-30","104.73","104.1","105.07","103.91","254.97K","0.48%"
"2021-12-29","104.23","103.6","104.56","103.2","290.62K","-0.2%"
"2021-12-28","104.44","104.5","105.39","104.07","290.43K","-0.18%"
"2021-12-27","104.63","103.6","104.75","102.75","315.73K","0.96%"
"2021-12-23","103.63","103.39","104.09","102.07","396.18K","0.23%"
"2021-12-22","103.39","103.88","103.99","101.88","539.44K","0.25%"
"2021-12-21","103.13","102.46","103.89","101.43","337.29K","0.81%"
"2021-12-20","102.3","101.3","102.64","99.52","489.65K","0.98%"
"2021-12-17","101.31","98.66","101.77","98.25","1.50M","3.37%"
"2021-12-16","98.01","97.6","98.69","97.13","498.17K","1.69%"
"2021-12-15","96.38","96.61","97.06","94","542.26K","0.27%"
"2021-12-14","96.12","97.03","98.9","95.94","485.30K","-2.03%"
"2021-12-13","98.11","98.15","99.06","97.6","520.60K","-0.04%"
"2021-12-10","98.15","99.7","99.93","98.04","508.58K","-1.3%"
"2021-12-09","99.44","100.31","100.48","98.35","413.07K","-1.76%"
"2021-12-08","101.22","100.65","101.48","99.6","373.30K","0.66%"
"2021-12-07","100.56","98.52","101.05","98.48","605.89K","2.54%"
"2021-12-06","98.07","98.5","99.95","97.48","523.99K","-0.6%"
"2021-12-03","98.66","99.37","100.2","97.95","494.81K","-0.24%"
"2021-12-02","98.9","97.5","99.51","96.64","514.90K","1.28%"
"2021-12-01","97.65","100.82","101.91","97.47","480.32K","-2.38%"
"2021-11-30","100.03","103.43","104.56","99.18","531.75K","-2.6%"
"2021-11-29","102.7","102.3","103.1","100.47","516.39K","0.37%"
"2021-11-26","102.32","102.86","102.86","100.89","249.85K","1.00%"
"2021-11-24","101.31","101.44","102.47","101.01","364.97K","-0.52%"
"2021-11-23","101.84","103.51","104.33","101.47","425.09K","-2.68%"
"2021-11-22","104.64","104.99","106.16","103.36","433.29K","-0.75%"
"2021-11-19","105.43","107","107.35","105.3","455.81K","-1.66%"
"2021-11-18","107.21","107.37","107.97","106.61","284.94K","-0.43%"
"2021-11-17","107.67","108.49","108.88","107.25","468.84K","0.47%"
"2021-11-16","107.17","107","107.56","106.75","408.19K","-0.16%"
"2021-11-15","107.34","106.6","108.18","106.04","522.46K","0.59%"
"2021-11-12","106.71","105.58","107.6","105.4","398.87K","0.42%"
"2021-11-11","106.26","106.1","106.74","105.02","509.56K","2.23%"
"2021-11-10","103.94","106.46","107.82","103.06","643.98K","-0.29%"
"2021-11-09","104.24","102.41","104.47","101.7","387.96K","2.16%"
"2021-11-08","102.04","104.66","104.68","100.62","1.18M","-2.97%"
"2021-11-05","105.16","104.05","106.16","103.67","650.94K","1.15%"
"2021-11-04","103.96","103.24","108.18","102.92","528.46K","1.35%"
"2021-11-03","102.58","100.6","103.42","100.39","377.14K","0.48%"
"2021-11-02","102.09","100.89","102.16","99.59","348.92K","0.62%"
"2021-11-01","101.46","98.84","101.94","98.53","340.63K","2.46%"
"2021-10-29","99.02","100.78","101.54","98.35","576.68K","-2.58%"
"2021-10-28","101.64","101.06","102.5","100.38","407.99K","0.33%"
"2021-10-27","101.31","100.84","101.67","100.23","304.37K","0.46%"
"2021-10-26","100.85","100.23","101.06","99.59","292.70K","0.36%"
"2021-10-25","100.49","100.21","102.08","99.7","411.42K","1.35%"
"2021-10-22","99.15","100.56","101.95","98.37","316.34K","0.25%"
"2021-10-21","98.9","98.76","99.13","97.8","239.67K","-0.3%"
"2021-10-20","99.2","99.15","99.88","98.11","239.84K","0.91%"
"2021-10-19","98.31","99.47","99.47","97.63","227.85K","0.06%"
"2021-10-18","98.25","98.4","99.23","97.55","236.84K","-0.72%"
"2021-10-15","98.96","98.5","99.7","97.23","325.50K","-0.78%"
"2021-10-14","99.74","98.29","99.84","97.5","358.45K","2.73%"
"2021-10-13","97.09","96.33","98.3","96.19","475.85K","1.34%"
"2021-10-12","95.81","93.24","96.13","92.01","667.61K","3.84%"
"2021-10-11","92.27","94.07","94.91","92.13","268.85K","-1.91%"
"2021-10-08","94.07","96.6","97.8","94.05","363.08K","-0.76%"
"2021-10-07","94.79","95.15","96.1","94.32","396.51K","-0.34%"
"2021-10-06","95.11","93.81","95.21","93.08","297.79K","1.05%"
"2021-10-05","94.12","94.42","95.02","93.65","461.21K","-0.73%"
"2021-10-04","94.81","95.06","96.38","94.14","716.88K","-0.23%"
"2021-10-01","95.03","96.23","96.42","94.45","449.34K","-0.48%"
"2021-09-30","95.49","97.23","97.96","95.22","484.88K","-1.42%"
"2021-09-29","96.87","98.26","98.5","96.5","532.06K","-1.41%"
"2021-09-28","98.26","97.96","99.55","97.5","310.43K","-0.79%"
"2021-09-27","99.04","100.66","102.12","98.87","347.63K","-1.19%"
"2021-09-24","100.23","100.07","101.29","99.61","247.63K","-0.32%"
"2021-09-23","100.55","102.34","102.51","100.21","320.30K","-2.35%"
"2021-09-22","102.97","104.13","105.75","102.75","334.51K","-0.87%"
"2021-09-21","103.87","105.36","105.75","103.74","251.22K","-0.57%"
"2021-09-20","104.47","104","104.8","103.1","336.57K","-0.11%"
"2021-09-17","104.59","104.98","105.1","103.56","837.24K","-0.77%"
"2021-09-16","105.4","108","108.43","104.43","337.57K","-4.24%"
"2021-09-15","110.07","108.6","110.31","108.4","261.90K","0.72%"
"2021-09-14","109.28","110.46","110.96","108.99","202.75K","-0.32%"
"2021-09-13","109.63","109.26","111","108.47","285.52K","0.89%"
"2021-09-10","108.66","109.98","110.47","108.6","271.49K","-1.32%"
"2021-09-09","110.11","111.24","111.32","109.32","209.80K","-0.74%"
"2021-09-08","110.93","111.28","112.79","110.05","295.86K","0.39%"
"2021-09-07","110.5","111.61","112.21","110.28","266.39K","-2.1%"
"2021-09-03","112.87","112.35","113.66","111.91","229.52K","1.34%"
"2021-09-02","111.38","110.88","111.48","109.36","324.45K","0.63%"
"2021-09-01","110.68","111.54","111.99","109.56","273.07K","-0.58%"
"2021-08-31","111.33","110.97","111.78","110.61","265.95K","0.26%"
"2021-08-30","111.04","112.65","112.83","110.45","255.27K","-1.37%"
"2021-08-27","112.58","109.4","113.04","108.96","276.34K","3.02%"
"2021-08-26","109.28","109.25","110.67","108.65","295.39K","-0.46%"
"2021-08-25","109.79","110.4","110.81","108.76","189.67K","-1.34%"
"2021-08-24","111.28","112.59","113.21","111.06","208.15K","-0.73%"
"2021-08-23","112.1","110.61","112.65","109.5","287.89K","3.17%"
"2021-08-20","108.66","109.19","110.5","108.5","336.76K","-0.93%"
"2021-08-19","109.68","110","111.46","108.35","307.85K","-0.47%"
"2021-08-18","110.2","113.7","113.7","110.16","363.15K","-2.86%"
"2021-08-17","113.44","113.89","114.81","112.53","306.44K","-0.98%"
"2021-08-16","114.56","116.18","116.36","114.47","251.92K","-1.31%"
"2021-08-13","116.08","114.69","116.23","114.1","244.26K","1.96%"
"2021-08-12","113.85","115.13","116.26","111.24","456.77K","-0.95%"
"2021-08-11","114.94","114.3","115.87","114.07","335.70K","1.89%"
"2021-08-10","112.81","114.08","114.54","112.49","247.42K","-1.21%"
"2021-08-09","114.19","114.59","115.44","113.65","238.80K","-1.61%"
"2021-08-06","116.06","115.39","116.51","114.11","325.99K","-0.66%"
"2021-08-05","116.83","118.45","118.61","116.55","206.22K","-1.46%"
"2021-08-04","118.56","121.94","122.27","118.44","280.86K","-1.99%"
"2021-08-03","120.97","120.39","121.71","119.81","197.16K","0.57%"
"2021-08-02","120.29","121.47","121.47","119.6","161.73K","-1.01%"
"2021-07-30","121.52","120.96","122.61","120.71","225.91K","0.02%"
"2021-07-29","121.49","120.45","122.54","120.35","267.32K","2.36%"
"2021-07-28","118.69","117.39","118.81","116.93","282.97K","0.67%"
"2021-07-27","117.9","117.3","118.32","116.84","222.18K","0.55%"
"2021-07-26","117.26","116.64","118.06","116.55","277.68K","0.7%"
"2021-07-23","116.45","115.71","116.8","114.69","158.84K","0.38%"
"2021-07-22","116.01","115.86","117","114.51","180.70K","-0.27%"
"2021-07-21","116.32","114.46","116.96","114.46","272.87K","0.49%"
"2021-07-20","115.75","115.41","117.48","114.89","532.92K","0.97%"
"2021-07-19","114.64","114.45","115.51","113.39","326.33K","-0.68%"
"2021-07-16","115.42","117.58","117.99","115.02","335.21K","-2.26%"
"2021-07-15","118.09","116.63","118.54","115.98","313.72K","1.39%"
"2021-07-14","116.47","118.2","118.47","115.8","291.69K","0.3%"
"2021-07-13","116.12","116.59","117.86","115.98","296.42K","0.29%"
"2021-07-12","115.78","115.83","117.17","115.25","362.82K","-0.77%"
"2021-07-09","116.68","115.13","117.26","115.13","253.33K","1.56%"
"2021-07-08","114.89","119.37","119.37","114.51","579.41K","-3.29%"
"2021-07-07","118.8","117.42","119.56","115.69","619.82K","1.76%"
"2021-07-06","116.74","118.06","118.34","115.59","620.11K","-0.17%"
"2021-07-02","116.94","115.87","117.15","115.2","351.51K","2.1%"
"2021-07-01","114.53","115.09","115.32","113.69","427.89K","0.38%"
"2021-06-30","114.1","114.85","115.32","113.27","598.06K","0.07%"
"2021-06-29","114.02","111.52","114.22","111.36","588.46K","0.9%"
"2021-06-28","113","112.77","113.1","111.49","343.98K","0.53%"
"2021-06-25","112.4","112.68","113.36","111.19","1.56M","0.38%"
"2021-06-24","111.97","110.95","112.29","110","484.26K","1.62%"
"2021-06-23","110.18","111.81","112.07","109.97","343.23K","-0.65%"
"2021-06-22","110.9","109.55","112.02","109.55","424.22K","0.61%"
"2021-06-21","110.23","110.55","110.88","109.18","390.54K","0.84%"
"2021-06-18","109.31","112.26","113.2","109.01","1.15M","-2.46%"
"2021-06-17","112.07","115.68","115.7","110.71","751.82K","-5.89%"
"2021-06-16","119.08","120.9","122.81","118.75","406.88K","-1.6%"
"2021-06-15","121.02","123.57","123.8","120.5","396.92K","-1.7%"
"2021-06-14","123.11","121.17","123.67","120.92","357.74K","0.2%"
"2021-06-11","122.86","125.08","125.08","122.18","250.48K","-1.98%"
"2021-06-10","125.34","122.52","125.7","121.85","507.38K","3.05%"
"2021-06-09","121.63","121.88","122.52","121.62","307.27K","0.17%"
"2021-06-08","121.42","121.61","121.8","120.58","326.22K","-0.43%"
"2021-06-07","121.95","121.57","122.54","121","309.21K","-0.14%"
"2021-06-04","122.12","121.49","122.69","121.26","254.73K","1.5%"
"2021-06-03","120.31","120.65","122","119.37","377.31K","-2.94%"
"2021-06-02","123.95","124.33","124.95","123.46","265.47K","-0.01%"
"2021-06-01","123.96","124.77","125.19","122.51","322.41K","0.15%"
"2021-05-28","123.77","123.28","124.7","123.18","420.00K","-0.33%"
"2021-05-27","124.18","124.85","125.43","123.88","305.82K","-0.53%"
"2021-05-26","124.84","125.79","126.84","124.54","243.46K","-0.34%"
"2021-05-25","125.27","125.2","125.9","123.8","216.35K","-0.13%"
"2021-05-24","125.43","125.5","126.62","125.18","299.63K","0.08%"
"2021-05-21","125.33","126.32","126.89","124.22","672.65K","-0.56%"
"2021-05-20","126.03","124.7","126.58","123.51","327.74K","1.08%"
"2021-05-19","124.68","126.88","129.69","123.4","495.10K","-2.02%"
"2021-05-18","127.25","128.07","129.19","126.15","372.82K","-0.65%"
"2021-05-17","128.08","124.34","128.89","124.15","620.86K","3.99%"
"2021-05-14","123.16","123.5","123.86","122.14","328.48K","0.98%"
"2021-05-13","121.97","119.84","122.4","118.29","470.58K","1.78%"
"2021-05-12","119.84","120.53","121.08","119.12","393.39K","-0.27%"
"2021-05-11","120.16","117.15","120.4","116.41","305.96K","1.01%"
"2021-05-10","118.96","121","121.61","118.28","388.14K","-0.83%"
"2021-05-07","119.95","120.2","121.96","118.27","369.93K","0.32%"
"2021-05-06","119.57","115.55","120","115.46","462.20K","3.67%"
"2021-05-05","115.34","116.18","116.53","114.62","413.08K","-0.05%"
"2021-05-04","115.4","116.09","118.74","115","283.19K","-0.59%"
"2021-05-03","116.09","113.76","116.88","113.64","285.50K","3.78%"
"2021-04-30","111.86","113.25","114.52","111.46","462.87K","-1.87%"
"2021-04-29","113.99","115.34","115.81","112.28","260.44K","-1.6%"
"2021-04-28","115.84","114.5","116.31","113.74","251.44K","0.88%"
"2021-04-27","114.83","116","117.07","114.71","240.19K","-1.86%"
"2021-04-26","117.01","118.62","118.62","116.22","229.56K","-0.96%"
"2021-04-23","118.14","118.99","119.34","117.34","261.88K","0.02%"
"2021-04-22","118.12","117.98","118.56","116.93","229.26K","-0.57%"
"2021-04-21","118.8","118.53","119.9","118.1","336.67K","0.51%"
"2021-04-20","118.2","117","119.21","116.29","462.89K","0.87%"
"2021-04-19","117.18","117.68","118.01","116.45","286.29K","-0.38%"
"2021-04-16","117.63","117","117.87","116.19","346.18K","1.18%"
"2021-04-15","116.26","113.25","117.07","113.08","435.82K","3.26%"
"2021-04-14","112.59","112.63","113.67","112.08","339.58K","0.37%"
"2021-04-13","112.18","111.71","112.83","111.34","309.56K","1.24%"
"2021-04-12","110.81","110.5","111.82","110.17","227.44K","0.18%"
"2021-04-09","110.61","109.61","111.49","108.5","292.22K","-0.32%"
"2021-04-08","110.96","112.06","112.44","110.71","329.56K","0.43%"
"2021-04-07","110.49","111.97","112.1","110.06","273.14K","-1.32%"
"2021-04-06","111.97","112.27","113.23","111.69","463.31K","1.14%"
"2021-04-05","110.71","111.44","112.67","110.1","413.13K","-0.66%"
"2021-04-01","111.45","108","112.07","107.74","515.84K","3.56%"
"2021-03-31","107.62","105.98","108.24","105.61","668.31K","1.91%"
"2021-03-30","105.6","105.64","107.21","105.17","398.95K","-2.03%"
"2021-03-29","107.79","105","107.9","104.06","503.24K","1.75%"
"2021-03-26","105.94","103.37","106.34","102.95","484.01K","2.5%"
"2021-03-25","103.36","103.44","104.1","102.55","379.82K","-0.31%"
"2021-03-24","103.68","105.11","105.79","103.6","429.99K","-0.98%"
"2021-03-23","104.71","106.06","106.06","103.92","494.35K","-1.96%"
"2021-03-22","106.8","105.57","108.82","104.5","764.01K","0.94%"
"2021-03-19","105.81","106.26","107","104.6","1.60M","0.05%"
"2021-03-18","105.76","108.07","108.1","105.25","412.27K","-3.29%"
"2021-03-17","109.36","105.98","110.18","105.7","397.05K","3.12%"
"2021-03-16","106.05","108.1","108.14","105.97","556.70K","-1.88%"
"2021-03-15","108.08","110","110.11","106.13","741.97K","-1.32%"
"2021-03-12","109.53","107.58","109.79","107.13","333.87K","0.36%"
"2021-03-11","109.14","108","109.49","107.18","484.98K","1.59%"
"2021-03-10","107.43","106.69","107.92","104.6","374.94K","1.15%"
"2021-03-09","106.21","106.83","108.7","105.11","459.72K","2.12%"
"2021-03-08","104","104.38","104.97","102.62","340.63K","-0.71%"
"2021-03-05","104.74","103.46","104.86","101.86","333.28K","0.92%"
"2021-03-04","103.79","103.95","106.54","102.23","503.53K","0.19%"
"2021-03-03","103.59","103.45","104.68","101.79","489.97K","-2.55%"
"2021-03-02","106.3","103.98","106.96","103.42","460.69K","2.51%"
"2021-03-01","103.7","105.37","105.9","103.04","507.56K","-0.01%"
"2021-02-26","103.71","105","105.48","102.83","711.40K","-2.22%"
"2021-02-25","106.06","106.6","109.04","105.28","383.02K","-1.42%"
"2021-02-24","107.59","105.97","108.6","105.73","435.01K","0.64%"
"2021-02-23","106.91","109.08","109.22","105.88","534.00K","-3.09%"
"2021-02-22","110.32","109.06","111.27","108.61","649.61K","2.32%"
"2021-02-19","107.82","108.58","108.95","106.78","958.34K","-0.37%"
"2021-02-18","108.22","107.18","108.79","106.32","454.35K","0.92%"
"2021-02-17","107.23","107.8","108","105.36","736.37K","-1.2%"
"2021-02-16","108.53","110.67","111.15","108.24","614.67K","-2.25%"
"2021-02-12","111.03","110.39","111.74","109.15","673.11K","0.49%"
"2021-02-11","110.49","110.17","111.45","109.21","654.58K","0.22%"
"2021-02-10","110.25","109.56","110.4","108.01","477.96K","1.08%"
"2021-02-09","109.07","109.94","110.25","107.91","351.05K","-0.27%"
"2021-02-08","109.36","106.53","110.24","105.71","577.31K","3.47%"
"2021-02-05","105.69","104.79","106.18","103.72","343.74K","1.5%"
"2021-02-04","104.13","106.2","106.2","102.44","456.64K","-1.5%"
"2021-02-03","105.72","105.89","106.28","104.57","312.26K","-0.02%"
"2021-02-02","105.74","105.46","106.43","105","355.04K","-1.66%"
"2021-02-01","107.53","109.27","110.96","106.18","357.80K","0.61%"
"2021-01-29","106.88","106.51","110.69","106.39","791.92K","2.47%"
"2021-01-28","104.3","103.86","106.9","103.13","583.45K","2.1%"
"2021-01-27","102.15","103.54","104","99.32","475.82K","-1.99%"
"2021-01-26","104.22","104.75","105.63","104.01","227.32K","-0.5%"
"2021-01-25","104.74","105.43","106.16","103.01","410.40K","-0.19%"
"2021-01-22","104.94","104","106.28","103.43","202.25K","-0.52%"
"2021-01-21","105.49","107.45","107.9","105.1","305.51K","-2.24%"
"2021-01-20","107.91","107.1","108.67","106.22","453.92K","1.94%"
"2021-01-19","105.86","104.93","106.46","103.94","710.08K","1.64%"
"2021-01-15","104.15","105.02","105.15","102.94","596.66K","-1.19%"
"2021-01-14","105.4","106.59","107.43","105.21","556.08K","-0.17%"
"2021-01-13","105.58","107.52","108","105.36","446.92K","-1.85%"
"2021-01-12","107.57","106.08","107.92","105.24","626.81K","1.4%"
"2021-01-11","106.08","105.63","107.07","104.64","354.13K","0.45%"
"2021-01-08","105.6","107.3","107.32","103.76","577.17K","-3.49%"
"2021-01-07","109.42","109.13","109.84","108","424.09K","-1.47%"
"2021-01-06","111.05","110.31","112.42","108.54","560.59K","0.37%"
"2021-01-05","110.64","110.99","111.14","108.49","435.77K","0.33%"
"2021-01-04","110.28","109.93","111.39","108.19","519.07K","3.69%"
"2020-12-31","106.36","108.16","108.33","105.73","328.39K","-1.7%"
"2020-12-30","108.2","108.12","109.16","107.44","285.23K","0.6%"
"2020-12-29","107.55","107.19","108.25","106.5","367.80K","0.7%"
"2020-12-28","106.8","109.73","111.55","106.71","276.03K","-1.7%"
"2020-12-24","108.65","108.48","109.05","107.25","135.35K","-0.09%"
"2020-12-23","108.75","109.55","110.15","108.03","306.28K","-0.36%"
"2020-12-22","109.14","110.14","111.74","108.98","375.31K","-1.15%"
"2020-12-21","110.41","111.84","113.43","109.68","534.93K","-1.28%"
"2020-12-18","111.84","115.47","115.47","111.35","1.19M","-3.05%"
"2020-12-17","115.36","112.34","115.66","112.34","510.96K","4.46%"
"2020-12-16","110.43","109.25","110.72","108.1","563.48K","1.4%"
"2020-12-15","108.9","108.58","110.15","108.47","437.53K","1.67%"
"2020-12-14","107.11","109.01","109.76","106.95","497.06K","-1.97%"
"2020-12-11","109.26","110.31","111.74","109.12","192.07K","-1.07%"
"2020-12-10","110.44","112.13","112.59","110.3","249.69K","-0.57%"
"2020-12-09","111.07","112.09","112.5","109.58","287.58K","-1.43%"
"2020-12-08","112.68","113","113.34","110.79","386.31K","0.01%"
"2020-12-07","112.67","110","113.3","109.98","456.78K","2.18%"
"2020-12-04","110.27","110.52","111.33","109.29","303.95K","-0.44%"
"2020-12-03","110.76","111.74","112.35","109.42","287.01K","-1.06%"
"2020-12-02","111.95","113","113.39","111.33","306.97K","-0.49%"
"2020-12-01","112.5","112.56","112.87","109.6","408.98K","1.84%"
"2020-11-30","110.47","109.08","110.58","107.45","509.96K","0.45%"
"2020-11-27","109.97","107.59","110.14","107.5","272.95K","0.43%"
"2020-11-25","109.5","108.95","110.81","108.72","431.62K","1.86%"
"2020-11-24","107.5","106.18","110.12","106.18","635.99K","-1.92%"
"2020-11-23","109.6","109.79","111.06","107.28","505.21K","-0.34%"
"2020-11-20","109.97","111.62","111.91","109.45","647.53K","0.13%"
"2020-11-19","109.83","110.12","111.24","108","437.41K","-1.92%"
"2020-11-18","111.98","116.25","116.34","111.94","414.29K","-3.33%"
"2020-11-17","115.84","117.61","119.29","115.62","303.68K","-2.24%"
"2020-11-16","118.5","118.29","119.35","117.49","251.03K","-0.16%"
"2020-11-13","118.69","118","119.57","117.78","221.28K","1.45%"
"2020-11-12","116.99","117.03","119.1","116.38","356.94K","0.21%"
"2020-11-11","116.75","115.87","117.96","115.52","414.00K","-0.52%"
"2020-11-10","117.36","121.36","122.37","116.98","531.92K","-2.52%"
"2020-11-09","120.4","120.99","124.32","118.4","520.73K","-4.57%"
"2020-11-06","126.17","125.04","126.46","123.93","347.73K","2.64%"
"2020-11-05","122.93","123.58","126.64","122.72","711.79K","0.87%"
"2020-11-04","121.87","122.33","123.7","120.15","333.74K","0.15%"
"2020-11-03","121.69","122.93","123.13","121.29","230.69K","0.19%"
"2020-11-02","121.46","120.41","122.63","119.29","367.67K","2.23%"
"2020-10-30","118.81","119.23","120.98","116.83","342.99K","0.38%"
"2020-10-29","118.36","114.87","118.81","114.87","303.64K","1.49%"
"2020-10-28","116.62","119","119","114.72","534.91K","-3.88%"
"2020-10-27","121.33","120.1","121.81","119.15","190.17K","0.95%"
"2020-10-26","120.19","121.07","122.49","119.73","188.52K","-1.48%"
"2020-10-23","121.99","121.19","122.55","120.38","257.09K","0.17%"
"2020-10-22","121.78","120.39","122.09","119.57","316.05K","0.15%"
"2020-10-21","121.6","122.01","123.98","121.09","249.37K","0.33%"
"2020-10-20","121.2","122.15","122.15","119.01","259.14K","1.34%"
"2020-10-19","119.6","123.24","123.88","119.16","254.56K","-2.34%"
"2020-10-16","122.47","123.9","124.35","122.2","242.03K","-1.11%"
"2020-10-15","123.84","122.64","125.63","122.27","220.47K","-0.74%"
"2020-10-14","124.76","125.27","126.4","124.37","243.26K","0.69%"
"2020-10-13","123.91","122.05","124.18","121","299.51K","0.49%"
"2020-10-12","123.3","121.43","124.15","121","307.81K","1.49%"
"2020-10-09","121.49","121.01","121.98","119.12","407.90K","2.29%"
"2020-10-08","118.77","118.58","119.74","117.68","319.55K","1.12%"
"2020-10-07","117.46","118.57","119.18","116.78","344.85K","0.14%"
"2020-10-06","117.3","121.86","122.1","117.29","335.29K","-2.57%"
"2020-10-05","120.4","119.79","122.28","119.11","691.00K","0.84%"
"2020-10-02","119.4","119.75","120.63","118.45","341.76K","-0.85%"
"2020-10-01","120.42","120.57","122.12","119.12","346.60K","0.21%"
"2020-09-30","120.17","119.71","120.75","118.29","374.76K","0.16%"
"2020-09-29","119.98","119.74","122.81","119.71","284.20K","0.65%"
"2020-09-28","119.2","119.75","120.52","118.01","282.13K","0.95%"
"2020-09-25","118.08","117.95","118.98","116.97","325.71K","-1.21%"
"2020-09-24","119.53","115.06","120.81","114.99","419.77K","3.12%"
"2020-09-23","115.91","121.8","122.17","115.72","470.08K","-5.92%"
"2020-09-22","123.21","123.33","124.67","121.75","347.51K","0.46%"
"2020-09-21","122.64","119.26","123.06","119.26","546.47K","-0.67%"
"2020-09-18","123.47","128.52","129.59","123.03","973.89K","-3.61%"
"2020-09-17","128.09","127.59","128.91","126.5","329.94K","-1.93%"
"2020-09-16","130.61","131.88","132.19","129.57","371.79K","0.29%"
"2020-09-15","130.23","132.18","132.66","129.06","335.46K","-0.55%"
"2020-09-14","130.95","131.52","131.77","127.82","602.43K","0.38%"
"2020-09-11","130.45","131.69","133.43","130.05","287.65K","-0.24%"
"2020-09-10","130.76","133.55","134.5","130.74","336.09K","-1.49%"
"2020-09-09","132.74","129.74","133.34","129.74","361.67K","3.24%"
"2020-09-08","128.57","128.59","131.44","124.77","419.65K","-1.52%"
"2020-09-04","130.56","133.54","134.78","128.29","872.87K","-2.55%"
"2020-09-03","133.98","133.5","135.44","131.74","327.20K","-0.01%"
"2020-09-02","134","132","134.79","130.03","380.87K","0.62%"
"2020-09-01","133.17","138.23","138.23","131.8","346.93K","-2.31%"
"2020-08-31","136.32","135.48","138.12","135.13","287.10K","0.65%"
"2020-08-28","135.44","137.68","137.68","135","321.52K","0.39%"
"2020-08-27","134.92","138.28","138.53","133.75","297.01K","-1.37%"
"2020-08-26","136.79","133.43","136.95","133.43","359.31K","1.12%"
"2020-08-25","135.27","135.5","136.15","133.37","414.57K","-0.68%"
"2020-08-24","136.19","139.67","140.3","136.07","370.83K","-1.18%"
"2020-08-21","137.81","137.32","137.88","135.84","377.83K","-1.1%"
"2020-08-20","139.34","136.76","140.13","135.7","337.99K","1.39%"
"2020-08-19","137.43","139.38","140.6","137.06","496.56K","-1.72%"
"2020-08-18","139.84","139.58","140.2","136.37","617.18K","1.74%"
"2020-08-17","137.45","135.3","137.89","135.26","358.68K","4.64%"
"2020-08-14","131.35","132.56","132.89","129.7","328.79K","-1.18%"
"2020-08-13","132.92","131.29","134.42","130.99","361.55K","2.43%"
"2020-08-12","129.77","132.94","133.65","129.24","503.63K","-0.31%"
"2020-08-11","130.18","132.47","134.34","129.37","652.45K","-5.34%"
"2020-08-10","137.52","141.24","142.5","137.06","319.67K","-1.2%"
"2020-08-07","139.19","140.05","140.61","137.37","497.04K","-2.53%"
"2020-08-06","142.8","146.37","146.99","140.77","425.22K","-1.74%"
"2020-08-05","145.33","145.98","147.64","143.25","568.77K","1.28%"
"2020-08-04","143.49","140.05","143.95","139.01","561.27K","2.19%"
"2020-08-03","140.41","140.13","141.14","137.14","393.39K","0.34%"
"2020-07-31","139.93","138.36","140.34","137.43","458.39K","2.48%"
"2020-07-30","136.54","135.53","137.98","135.22","352.13K","-2.44%"
"2020-07-29","139.95","141.24","141.89","138.12","379.50K","-0.17%"
"2020-07-28","140.19","138.73","141.37","137.21","432.11K","-0.37%"
"2020-07-27","140.71","141","144.75","139.11","455.66K","3.27%"
"2020-07-24","136.25","135.33","138.67","134.99","413.32K","1.53%"
"2020-07-23","134.2","134.66","135.8","130.13","602.04K","-0.34%"
"2020-07-22","134.66","133.63","134.69","131.84","334.03K","1.65%"
"2020-07-21","132.48","135","136.81","131.84","458.66K","-0.26%"
"2020-07-20","132.83","130.04","134.71","130.04","390.78K","2.22%"
"2020-07-17","129.94","126.5","130.29","125.8","478.77K","4.00%"
"2020-07-16","124.94","126.94","127.17","124.09","287.79K","-1.58%"
"2020-07-15","126.95","126.09","127.2","123.31","381.27K","0.83%"
"2020-07-14","125.9","120.89","125.91","120.54","419.31K","3.93%"
"2020-07-13","121.14","129","129.3","120.92","547.72K","-5.09%"
"2020-07-10","127.63","126.94","128.29","125.72","548.23K","1.05%"
"2020-07-09","126.3","127.39","128.26","123.27","426.51K","-0.36%"
"2020-07-08","126.75","126.91","127.99","124.09","532.83K","1.51%"
"2020-07-07","124.87","121.43","125.17","121.43","844.63K","1.9%"
"2020-07-06","122.54","123.91","124.59","121.21","364.59K","1.23%"
"2020-07-02","121.05","122.27","124.33","120.84","337.12K","-1.91%"
"2020-07-01","123.41","123.72","123.8","119.67","393.37K","-0.73%"
"2020-06-30","124.32","120.11","124.67","119.45","534.61K","3.32%"
"2020-06-29","120.33","118.28","120.46","117.02","316.60K","2.41%"
"2020-06-26","117.5","118.37","119.35","116.33","1.10M","-1.37%"
"2020-06-25","119.13","118.55","119.19","116.68","323.55K","0.64%"
"2020-06-24","118.37","119","120.79","116.25","532.70K","-1.01%"
"2020-06-23","119.58","120","121.12","119.2","611.61K","1.12%"
"2020-06-22","118.25","117.27","119.95","116.58","506.52K","2.82%"
"2020-06-19","115.01","113.81","116.8","113.43","769.13K","2.38%"
"2020-06-18","112.34","114.46","116.06","112.13","550.38K","-2.79%"
"2020-06-17","115.57","117.79","118.46","114.6","505.83K","-1.42%"
"2020-06-16","117.24","121.17","121.88","116.83","424.71K","-3.12%"
"2020-06-15","121.01","116.24","121.36","113.43","642.83K","0.55%"
"2020-06-12","120.35","124.17","125.98","119.74","419.88K","-1.51%"
"2020-06-11","122.19","127.43","129.88","120.81","606.90K","-4.77%"
"2020-06-10","128.31","124.29","128.69","120.63","639.41K","4.96%"
"2020-06-09","122.25","124.11","124.35","122","535.48K","0.02%"
"2020-06-08","122.23","124.91","124.99","120.55","459.69K","-0.24%"
"2020-06-05","122.52","122.2","124.04","119.74","488.11K","-2.91%"
"2020-06-04","126.19","126.93","128.6","125.55","597.15K","0.26%"
"2020-06-03","125.86","127.43","128","124.42","717.36K","-3.53%"
"2020-06-02","130.47","135","135","130.15","438.55K","-3.43%"
"2020-06-01","135.11","133.85","135.32","132.12","365.23K","1.43%"
"2020-05-29","133.2","136.72","136.72","132.73","962.97K","1.17%"
"2020-05-28","131.66","133.98","135.19","130.35","505.11K","-0.72%"
"2020-05-27","132.61","128.85","133.51","126","743.70K","0.11%"
"2020-05-26","132.46","135.71","136.49","131.73","450.57K","-3.29%"
"2020-05-22","136.96","136.29","138.69","134.91","659.80K","0.17%"
"2020-05-21","136.73","134.9","136.93","130.65","673.85K","0.54%"
"2020-05-20","135.99","138.12","139.63","135.88","533.32K","-0.8%"
"2020-05-19","137.08","136.29","139.16","136","476.44K","2.09%"
"2020-05-18","134.28","136.76","136.76","132.02","630.84K","0.21%"
"2020-05-15","134","132.91","134.43","130.85","1.07M","3.73%"
"2020-05-14","129.18","127.71","132.32","127.69","580.67K","0.77%"
"2020-05-13","128.19","130.7","131.52","125.35","636.50K","-0.48%"
"2020-05-12","128.81","133.19","135.9","128.81","732.74K","-3.03%"
"2020-05-11","132.84","136.25","137.39","130.51","612.11K","-2.63%"
"2020-05-08","136.43","136.19","138.54","135.24","722.14K","0.34%"
"2020-05-07","135.97","128.73","137.9","128.01","1.04M","7.38%"
"2020-05-06","126.62","126.52","129.13","125.33","559.69K","-1.42%"
"2020-05-05","128.44","125.3","129.75","123.6","462.64K","2.58%"
"2020-05-04","125.21","128.66","129.93","124.87","745.58K","-0.52%"
"2020-05-01","125.86","120.03","126.03","118.5","853.90K","2.72%"
"2020-04-30","122.53","128.4","130","122.38","814.52K","-6.04%"
"2020-04-29","130.4","126.08","131.09","124.17","946.45K","3.55%"
"2020-04-28","125.93","124.91","127.34","123.21","653.97K","-0.32%"
"2020-04-27","126.34","125.99","127.89","123.11","793.73K","0.73%"
"2020-04-24","125.43","124.59","127","122.63","972.95K","2.00%"
"2020-04-23","122.97","120.54","126.69","119.82","1.09M","5.41%"
"2020-04-22","116.66","113.35","117.44","111.81","717.17K","6.82%"
"2020-04-21","109.21","108.9","112.99","107.42","690.96K","-2.14%"
"2020-04-20","111.6","109.65","112.69","108.18","809.31K","3.52%"
"2020-04-17","107.81","108.44","110.83","106.96","1.17M","-3.51%"
"2020-04-16","111.73","106.17","111.88","105.26","681.39K","6.6%"
"2020-04-15","104.81","102.87","105.99","100.65","851.91K","-0.38%"
"2020-04-14","105.21","106.54","109.16","103.07","883.55K","0.18%"
"2020-04-13","105.02","105","106.42","100.02","718.68K","-0.02%"
"2020-04-09","105.04","96.41","105.38","96.41","934.22K","10.7%"
"2020-04-08","94.89","94.83","95.99","92.93","498.13K","1.04%"
"2020-04-07","93.91","94.75","97.62","91.1","579.40K","-0.94%"
"2020-04-06","94.8","95.23","96.96","93.05","665.01K","1.39%"
"2020-04-03","93.5","92.85","97.59","92.62","676.20K","0.78%"
"2020-04-02","92.78","92.13","94.56","90.1","708.46K","1.59%"
"2020-04-01","91.33","87.1","92.51","86.27","845.77K","4.13%"
"2020-03-31","87.71","89.96","91","86.65","853.09K","-4.33%"
"2020-03-30","91.68","91.07","96.86","88.29","819.01K","1.24%"
"2020-03-27","90.56","90.42","93.57","88.27","779.63K","-2.08%"
"2020-03-26","92.48","93.08","94.18","87.5","994.70K","-0.69%"
"2020-03-25","93.12","97.75","97.75","89.14","1.02M","-2.34%"
"2020-03-24","95.35","87.84","97.96","82.87","1.28M","23.88%"
"2020-03-23","76.97","74.94","81.45","72.5","748.72K","7.47%"
"2020-03-20","71.62","75.82","77.67","71.12","1.20M","-3.75%"
"2020-03-19","74.41","70.8","84.45","65.5","1.36M","6.85%"
"2020-03-18","69.64","85.03","88.63","68.28","1.13M","-21.43%"
"2020-03-17","88.63","79.7","90.3","79.23","1.37M","8.84%"
"2020-03-16","81.43","62.1","84.62","59.78","1.51M","13.46%"
"2020-03-13","71.77","83.3","83.57","71.09","1.25M","-11.27%"
"2020-03-12","80.89","75.6","84.64","72.82","1.74M","-8.1%"
"2020-03-11","88.02","95.39","96.72","86.96","1.62M","-9.59%"
"2020-03-10","97.36","99.42","101.85","95.56","1.08M","-1.5%"
"2020-03-09","98.84","101.07","103.8","98.47","692.57K","-5.54%"
"2020-03-06","104.64","107","107.32","100.89","823.64K","-1.83%"
"2020-03-05","106.59","105.07","107.02","104.7","654.62K","2.37%"
"2020-03-04","104.12","104.45","105","101.74","510.10K","0.98%"
"2020-03-03","103.11","101.51","106.22","100.47","731.35K","3.06%"
"2020-03-02","100.05","97.28","100.68","96.57","852.04K","3.71%"
"2020-02-28","96.47","97.6","99.37","91.76","1.59M","-5.17%"
"2020-02-27","101.73","108","108.34","101.68","1.30M","-5.1%"
"2020-02-26","107.2","106.82","108.43","106.3","805.86K","-0.13%"
"2020-02-25","107.34","107.96","110.56","107.33","727.48K","-2.58%"
"2020-02-24","110.18","113.58","113.7","109.2","756.14K","1.00%"
"2020-02-21","109.09","108.94","110.3","108","687.84K","1.7%"
"2020-02-20","107.27","105.74","107.95","105.58","532.92K","1.43%"
"2020-02-19","105.76","105.2","107.39","104.61","808.24K","1.1%"
"2020-02-18","104.61","103","105.61","102.93","540.86K","1.64%"
"2020-02-14","102.92","103.69","103.69","101.39","708.84K","-1.25%"
"2020-02-13","104.22","106.28","106.45","104.12","672.36K","-1.06%"
"2020-02-12","105.34","107.56","107.61","104.76","475.69K","-1.22%"
"2020-02-11","106.64","106.49","107.73","105.72","471.49K","-0.2%"
"2020-02-10","106.85","105.54","107.19","105.11","519.46K","1.13%"
"2020-02-07","105.66","108.92","109.22","105.52","457.27K","-2.85%"
"2020-02-06","108.76","110.5","113","105","1.02M","-2.97%"
"2020-02-05","112.09","110.8","113.69","110.71","565.16K","0.85%"
"2020-02-04","111.14","111.57","112.66","110.57","588.14K","-1.11%"
"2020-02-03","112.39","114.7","114.84","111.83","626.59K","-2.54%"
"2020-01-31","115.32","114.01","115.91","114","538.85K","1.24%"
"2020-01-30","113.91","113.94","115.19","113.02","350.70K","0.24%"
"2020-01-29","113.64","111.18","113.93","111.18","398.44K","1.72%"
"2020-01-28","111.72","113.34","113.88","110.36","452.65K","-2.15%"
"2020-01-27","114.18","116.24","117.49","113.74","484.42K","-0.59%"
"2020-01-24","114.86","112.64","115.65","112.18","383.39K","1.97%"
"2020-01-23","112.64","112.12","113.91","111.9","651.30K","-0.21%"
"2020-01-22","112.88","113.85","114.02","112.17","504.78K","-1.06%"
"2020-01-21","114.09","110.97","114.31","109.64","816.53K","1.17%"
"2020-01-17","112.77","115.66","115.84","112.75","442.16K","-1.91%"
"2020-01-16","114.97","114.51","115.67","113.37","617.28K","0.32%"
"2020-01-15","114.6","112.6","115.5","112.25","535.67K","1.98%"
"2020-01-14","112.37","110.97","112.53","109.21","1.00M","1.07%"
"2020-01-13","111.18","113.52","113.8","111","621.19K","-2.29%"
"2020-01-10","113.79","112.7","114.56","112.7","446.38K","1.43%"
"2020-01-09","112.19","111.37","113.46","110.68","821.88K","0.53%"
"2020-01-08","111.6","120.27","120.88","110.4","1.23M","-7.14%"
"2020-01-07","120.18","118.81","121.15","118.45","699.59K","1.15%"
"2020-01-06","118.81","122.06","122.5","117.39","939.07K","-1.1%"
"2020-01-03","120.13","122.87","122.87","119.72","410.04K","-0.82%"
"2020-01-02","121.12","122.64","123.34","119.85","431.09K","-0.92%"
"2019-12-31","122.25","123.28","124.87","122.09","482.77K","-0.69%"
"2019-12-30","123.1","121.32","123.67","121.07","358.88K","1.39%"
"2019-12-27","121.41","121.5","122.32","120.2","283.63K","-0.11%"
"2019-12-26","121.54","121.51","122.67","120.56","314.11K","0.82%"
"2019-12-24","120.55","118.59","120.76","117.92","253.73K","2.21%"
"2019-12-23","117.94","115.13","118.42","115","450.14K","2.87%"
"2019-12-20","114.65","115.47","115.69","113.84","1.02M","-0.58%"
"2019-12-19","115.32","115.7","116.13","114.52","271.14K","-0.39%"
"2019-12-18","115.77","114.12","116.78","114.01","533.04K","1.24%"
"2019-12-17","114.35","115.76","115.76","114.26","405.95K","-0.27%"
"2019-12-16","114.66","116.22","116.22","114.21","478.21K","-1.00%"
"2019-12-13","115.82","113.92","116.12","113.91","271.90K","1.32%"
"2019-12-12","114.31","116.56","117.27","113.92","375.27K","-1.44%"
"2019-12-11","115.98","113.63","116.39","113.4","435.28K","2.12%"
"2019-12-10","113.57","114.45","114.89","113.42","301.18K","-0.2%"
"2019-12-09","113.8","114.66","114.75","113.13","345.22K","0.13%"
"2019-12-06","113.65","116.89","117","113.57","571.85K","-3.65%"
"2019-12-05","117.96","117.09","119.42","116.72","433.94K","0.62%"
"2019-12-04","117.23","117.67","119.07","116.87","320.25K","-0.84%"
"2019-12-03","118.22","118.87","120.59","117.36","475.42K","0.8%"
"2019-12-02","117.28","117","117.6","115.95","444.01K","0.01%"
"2019-11-29","117.27","117.29","118.31","116.5","184.81K","0.11%"
"2019-11-27","117.14","116.6","117.58","116.14","292.69K","-0.05%"
"2019-11-26","117.2","116.05","117.55","115.28","363.74K","1.61%"
"2019-11-25","115.34","116.48","117.72","115.3","335.18K","-1.46%"
"2019-11-22","117.05","117.63","118.76","116.4","260.63K","-0.33%"
"2019-11-21","117.44","119.2","120.3","117.01","420.18K","-1.76%"
"2019-11-20","119.54","118.75","120.66","118.41","519.96K","1.49%"
"2019-11-19","117.79","116.2","118.96","116.2","539.73K","1.08%"
"2019-11-18","116.53","115.15","116.75","114.73","452.82K","1.17%"
"2019-11-15","115.18","113.94","115.71","113.65","519.04K","1.13%"
"2019-11-14","113.89","113.62","114.58","113.07","631.09K","0.2%"
"2019-11-13","113.66","112.88","115.12","112.84","481.69K","0.84%"
"2019-11-12","112.71","112.15","113.25","110.92","541.68K","0.39%"
"2019-11-11","112.27","113.17","114.16","112.13","513.86K","-1.14%"
"2019-11-08","113.56","113.49","114.86","111.96","890.49K","-0.17%"
"2019-11-07","113.75","109.3","114.67","107","1.31M","3.9%"
"2019-11-06","109.48","110.81","111.61","109.15","829.89K","-1.14%"
"2019-11-05","110.74","109.62","110.98","108.23","749.33K","-0.33%"
"2019-11-04","111.11","113.73","113.79","110.2","709.86K","-2.55%"
"2019-11-01","114.02","115.32","115.32","112","573.34K","-1.23%"
"2019-10-31","115.44","114.31","115.78","113.38","1.06M","1.17%"
"2019-10-30","114.1","120","120","112.83","1.34M","-5.62%"
"2019-10-29","120.89","118.48","121.63","118.27","403.10K","1.1%"
"2019-10-28","119.58","119.25","120.93","118.6","448.78K","-0.75%"
"2019-10-25","120.48","123.01","124.35","118.8","550.61K","-0.59%"
"2019-10-24","121.2","118.53","122.5","118.42","623.10K","2.33%"
"2019-10-23","118.44","118.76","120.62","118.16","402.92K","-0.24%"
"2019-10-22","118.72","119.22","120.48","117.17","389.42K","0.03%"
"2019-10-21","118.68","121.96","122.23","118.31","458.19K","-2.61%"
"2019-10-18","121.86","120.1","122.25","120","503.52K","1.18%"
"2019-10-17","120.44","117.9","121.8","117.42","592.77K","1.94%"
"2019-10-16","118.15","116.55","118.33","114.5","828.95K","1.5%"
"2019-10-15","116.4","123.22","123.23","115.74","1.35M","-6.88%"
"2019-10-14","125","124.05","127.41","124.01","365.96K","0.97%"
"2019-10-11","123.8","129.94","130.26","123.16","753.76K","-5.5%"
"2019-10-10","131","129.9","131.52","128.51","397.04K","0.86%"
"2019-10-09","129.88","129.38","130.53","128.56","404.12K","-0.11%"
"2019-10-08","130.02","129.78","130.17","127.59","405.43K","2.05%"
"2019-10-07","127.41","128.14","129.27","126.7","375.47K","-1.13%"
"2019-10-04","128.86","125.17","129.31","124.66","463.02K","2.87%"
"2019-10-03","125.26","126.32","128.97","125.14","478.32K","-0.91%"
"2019-10-02","126.41","125.24","126.97","123.67","518.35K","1.98%"
"2019-10-01","123.96","122.73","125.35","121.13","544.62K","0.61%"
"2019-09-30","123.21","123.72","125.13","122.36","488.42K","-1.9%"
"2019-09-27","125.59","125.99","126.77","124.1","536.08K","-1.39%"
"2019-09-26","127.36","128.64","129.96","127.3","437.61K","-0.64%"
"2019-09-25","128.18","130.56","130.84","126.89","501.02K","-1.92%"
"2019-09-24","130.69","129.29","131.53","128.34","567.63K","0.58%"
"2019-09-23","129.93","128.2","130.56","128.02","598.63K","1.93%"
"2019-09-20","127.47","124.79","127.6","124.55","1.18M","2.13%"
"2019-09-19","124.81","124.33","125.99","124.05","406.81K","0.6%"
"2019-09-18","124.06","125.62","126.35","121.91","622.23K","-1.24%"
"2019-09-17","125.62","122.48","126.32","122.42","628.75K","3.26%"
"2019-09-16","121.65","122.76","124.46","121.29","666.10K","0.44%"
"2019-09-13","121.12","122.75","124.94","120.7","623.87K","-1.63%"
"2019-09-12","123.13","127.64","129.59","123.02","666.01K","-0.89%"
"2019-09-11","124.24","124.43","126.35","122.43","628.26K","-0.02%"
"2019-09-10","124.26","123.48","126.44","122.1","644.02K","-0.49%"
"2019-09-09","124.87","130.2","130.35","124.02","839.84K","-3.93%"
"2019-09-06","129.98","134.88","135.3","129.88","934.63K","-3.75%"
"2019-09-05","135.05","136.67","137.99","133.23","814.20K","-2.6%"
"2019-09-04","138.65","136.18","138.78","135.51","513.35K","1.57%"
"2019-09-03","136.51","134.78","138.21","134.36","638.84K","2.35%"
"2019-08-30","133.38","132.37","134.59","131.57","317.91K","0.56%"
"2019-08-29","132.64","136.3","136.66","131.54","599.60K","-2.48%"
"2019-08-28","136.01","135","136.88","134.09","508.74K","0.77%"
"2019-08-27","134.97","132.27","135.66","131.25","589.51K","2.51%"
"2019-08-26","131.67","130.43","131.96","128.67","618.16K","1.79%"
"2019-08-23","129.35","127.44","130.38","126.92","639.82K","2.08%"
"2019-08-22","126.71","127.77","128.76","126.3","392.21K","-0.91%"
"2019-08-21","127.88","126.76","129.26","126","567.28K","0.28%"
"2019-08-20","127.52","126.43","128.13","125.97","325.87K","1.59%"
"2019-08-19","125.52","123.11","126.9","121.52","773.07K","0.71%"
"2019-08-16","124.64","123.59","125.19","122.88","712.08K","-0.31%"
"2019-08-15","125.03","123.51","125.78","122.2","566.62K","1.27%"
"2019-08-14","123.46","125.93","126.67","123.25","739.20K","-0.91%"
"2019-08-13","124.6","129.02","130.98","122.52","1.14M","-2.76%"
"2019-08-12","128.13","129.4","131.28","128.08","682.59K","-0.7%"
"2019-08-09","129.03","126.32","129.86","125.8","751.11K","1.91%"
"2019-08-08","126.61","121.98","127.54","121.02","900.73K","4.02%"
"2019-08-07","121.72","122.25","125.21","121.68","991.56K","1.77%"
"2019-08-06","119.6","118.87","120.6","118.16","511.83K","0.45%"
"2019-08-05","119.06","120.72","121.4","118.69","643.15K","2.22%"
"2019-08-02","116.47","117.75","118.87","116.07","558.39K","-1.84%"
"2019-08-01","118.65","112.66","119.2","111.29","673.05K","3.67%"
"2019-07-31","114.45","118.89","119.2","114.13","824.30K","-4.19%"
"2019-07-30","119.46","119.49","121.06","119.22","362.11K","0.23%"
"2019-07-29","119.19","118.18","119.25","117.27","377.93K","1.13%"
"2019-07-26","117.86","117.91","118.42","117","323.75K","0.55%"
"2019-07-25","117.21","118.37","118.87","116.82","461.92K","-1.14%"
"2019-07-24","118.56","118.26","118.59","116.85","478.78K","0.34%"
"2019-07-23","118.16","118.62","120.35","117.28","508.06K","-0.41%"
"2019-07-22","118.65","117.44","118.91","117.1","427.88K","0.73%"
"2019-07-19","117.79","117.23","118.5","116.13","669.50K","0.25%"
"2019-07-18","117.5","113.25","117.8","112.89","852.17K","3.6%"
"2019-07-17","113.42","109.75","113.58","109.75","483.29K","3.52%"
"2019-07-16","109.56","109.94","110.62","108.49","485.32K","-1.13%"
"2019-07-15","110.81","110.17","111.16","109.97","327.67K","0.76%"
"2019-07-12","109.97","108.86","110.28","108.81","436.88K","1.48%"
"2019-07-11","108.37","108.39","109.24","107.45","455.19K","0.23%"
"2019-07-10","108.12","107.1","108.48","107.08","430.82K","1.21%"
"2019-07-09","106.83","104.71","107.05","104.5","617.20K","1.81%"
"2019-07-08","104.93","104.51","105.62","104.18","348.78K","0.24%"
"2019-07-05","104.68","102.32","104.85","101.1","374.30K","0.09%"
"2019-07-03","104.59","103.64","104.67","103.31","332.22K","1.00%"
"2019-07-02","103.55","101.8","103.8","101.29","467.53K","2.24%"
"2019-07-01","101.28","100.84","102.09","100.1","445.30K","-1.18%"
"2019-06-28","102.49","101.14","102.51","100.04","709.21K","0.52%"
"2019-06-27","101.96","101.84","102.32","101.33","293.67K","-0.42%"
"2019-06-26","102.39","100","102.62","99.62","472.78K","1.12%"
"2019-06-25","101.26","101.36","102.62","99.64","607.20K","0.23%"
"2019-06-24","101.03","99.51","101.12","99.18","462.81K","1.94%"
"2019-06-21","99.11","99.98","100.61","98.5","796.36K","-0.66%"
"2019-06-20","99.77","100.26","101.29","99.47","596.56K","1.74%"
"2019-06-19","98.06","95.26","98.12","95.01","446.13K","1.54%"
"2019-06-18","96.57","96.39","96.84","95.29","306.28K","1.33%"
"2019-06-17","95.3","94.97","95.85","94.33","350.52K","0.21%"
"2019-06-14","95.1","95.08","96.19","94.22","342.07K","0.56%"
"2019-06-13","94.57","93.62","94.72","93.5","285.58K","0.98%"
"2019-06-12","93.65","93.15","94.09","92.84","406.40K","1.35%"
"2019-06-11","92.4","92.08","93.22","91.96","278.12K","0.11%"
"2019-06-10","92.3","93.01","93.35","91.1","444.83K","-2.12%"
"2019-06-07","94.3","94","94.77","93.26","490.57K","0.78%"
"2019-06-06","93.57","92.35","93.82","91.44","512.96K","1.42%"
"2019-06-05","92.26","91.36","93.49","91.36","517.00K","2.03%"
"2019-06-04","90.42","89.43","90.46","88.25","441.27K","0.47%"
"2019-06-03","90","88.88","90.29","88.84","414.35K","2.28%"
"2019-05-31","87.99","86.33","88.48","86.33","478.31K","2.84%"
"2019-05-30","85.56","84.51","85.72","84.51","277.90K","1.18%"
"2019-05-29","84.56","85","85.09","84.06","247.08K","-0.54%"
"2019-05-28","85.02","85.97","86.26","84.64","330.96K","-1.4%"
"2019-05-24","86.23","85.1","86.66","85.1","269.56K","1.4%"
"2019-05-23","85.04","84.11","87.02","84.11","515.36K","1.35%"
"2019-05-22","83.91","84.64","85.31","83.67","206.98K","-0.64%"
"2019-05-21","84.45","83.91","84.75","83.32","259.14K","0.55%"
"2019-05-20","83.99","84.83","84.96","83.1","236.78K","-0.74%"
"2019-05-17","84.62","83.3","84.91","83.1","328.33K","1.33%"
"2019-05-16","83.51","84.49","84.49","82.72","263.81K","-1.1%"
"2019-05-15","84.44","83.86","85.02","83.86","346.96K","0.91%"
"2019-05-14","83.68","84.12","84.19","82.91","327.16K","-0.57%"
"2019-05-13","84.16","83.33","84.72","82.8","419.65K","1.5%"
"2019-05-10","82.92","83.35","83.75","82.74","375.36K","-0.2%"
"2019-05-09","83.09","82.55","83.61","82.2","387.91K","0.79%"
"2019-05-08","82.44","83.39","83.81","81.86","328.69K","-1.00%"
"2019-05-07","83.27","81.64","83.7","81.25","406.65K","2.03%"
"2019-05-06","81.61","81.13","82.06","80.65","451.49K","0.36%"
"2019-05-03","81.32","82.41","83.08","81.06","678.07K","-0.34%"
"2019-05-02","81.6","83.73","85.44","81.12","740.22K","-3.37%"
"2019-05-01","84.45","87.18","87.19","83.39","424.11K","-3.00%"
"2019-04-30","87.06","86.83","87.72","86.77","248.10K","0.26%"
"2019-04-29","86.83","88.52","88.52","86.24","327.21K","-2.02%"
"2019-04-26","88.62","87.13","89.37","87.13","306.40K","2.17%"
"2019-04-25","86.74","87.24","87.67","86.44","266.30K","-0.23%"
"2019-04-24","86.94","86.51","87.85","86.14","355.91K","0.16%"
"2019-04-23","86.8","86.97","87.77","86.6","330.77K","-0.46%"
"2019-04-22","87.2","89.74","89.79","86.89","489.21K","-2.8%"
"2019-04-18","89.71","90.19","90.86","89.16","381.67K","-0.63%"
"2019-04-17","90.28","91.42","91.87","89.64","463.61K","-1.31%"
"2019-04-16","91.48","92.3","92.31","91.13","368.86K","-1.41%"
"2019-04-15","92.79","91.72","92.81","91","321.05K","0.25%"
"2019-04-12","92.56","92.18","92.95","91.57","335.28K","0.04%"
"2019-04-11","92.52","92.85","93.3","91.75","299.42K","-0.78%"
"2019-04-10","93.25","93.46","94.26","93.1","253.96K","-0.29%"
"2019-04-09","93.52","94.19","94.27","92.99","284.75K","-0.38%"
"2019-04-08","93.88","93.53","93.97","93","292.75K","0.97%"
"2019-04-05","92.98","92.61","93.08","91.91","242.58K","0.31%"
"2019-04-04","92.69","91.22","92.81","90.55","344.40K","0.99%"
"2019-04-03","91.78","91.93","92.24","91.32","328.68K","0.35%"
"2019-04-02","91.46","91.2","91.61","90.64","417.68K","0.55%"
"2019-04-01","90.96","92.16","92.18","90.47","341.37K","0.03%"
"2019-03-29","90.93","92.18","92.5","90.85","482.19K","-0.9%"
"2019-03-28","91.76","92.2","92.32","90.35","621.84K","-1.07%"
"2019-03-27","92.75","93.8","94.17","92.53","327.10K","-1.69%"
"2019-03-26","94.34","93.05","94.49","92.36","380.83K","1.17%"
"2019-03-25","93.25","92.26","93.81","92.12","421.30K","1.29%"
"2019-03-22","92.06","92.16","92.9","91.56","255.79K","-0.2%"
"2019-03-21","92.24","91.54","92.4","91","330.22K","0.83%"
"2019-03-20","91.48","90.2","91.86","88.72","360.04K","1.28%"
"2019-03-19","90.32","90.62","91.15","89.89","364.03K","0.51%"
"2019-03-18","89.86","90.98","91.37","89.54","360.82K","-0.87%"
"2019-03-15","90.65","90.57","91.55","89.93","733.54K","0.51%"
"2019-03-14","90.19","90.73","90.94","89.48","446.79K","-1.56%"
"2019-03-13","91.62","91.26","91.91","90.84","498.21K","0.8%"
"2019-03-12","90.89","89.65","91","89.62","600.93K","1.59%"
"2019-03-11","89.47","89.11","89.81","88.19","488.20K","0.24%"
"2019-03-08","89.26","88.39","89.63","87.35","484.80K","2.28%"
"2019-03-07","87.27","86.71","87.71","86.17","338.15K","0.2%"
"2019-03-06","87.1","88.18","88.18","86.93","438.71K","-1.01%"
"2019-03-05","87.99","87.48","88.18","87.38","557.64K","0.4%"
"2019-03-04","87.64","87.22","87.68","86.65","433.98K","0.31%"
"2019-03-01","87.37","87.92","88.78","87.23","312.40K","-1.18%"
"2019-02-28","88.41","89.1","89.59","88.08","352.79K","-0.9%"
"2019-02-27","89.21","89.45","89.87","88.51","400.17K","-0.27%"
"2019-02-26","89.45","89.39","89.69","88.13","484.16K","0.16%"
"2019-02-25","89.31","89.99","90.87","88.64","576.64K","-0.74%"
"2019-02-22","89.98","90.05","91.06","89.53","379.20K","0.1%"
"2019-02-21","89.89","89.06","89.94","88.73","677.44K","0.45%"
"2019-02-20","89.49","89.51","90.69","88.78","565.68K","0.21%"
"2019-02-19","89.3","88.13","89.77","87.88","471.62K","2.42%"
"2019-02-15","87.19","87.87","88.02","86.02","759.04K","-0.32%"
"2019-02-14","87.47","86.94","87.69","86.51","446.77K","0.56%"
"2019-02-13","86.98","87.71","88.25","86.55","327.83K","-0.61%"
"2019-02-12","87.51","86.85","87.97","86.11","432.51K","1.31%"
"2019-02-11","86.38","86.54","86.82","85.5","327.85K","-0.56%"
"2019-02-08","86.87","85.3","87.35","85.1","411.28K","1.84%"
"2019-02-07","85.3","89","89","84.53","618.43K","-2.86%"
"2019-02-06","87.81","87.23","88.69","86.39","620.51K","-0.11%"
"2019-02-05","87.91","87.52","87.93","86.54","631.94K","0.45%"
"2019-02-04","87.52","86.24","87.55","85.99","256.09K","0.75%"
"2019-02-01","86.87","87.28","87.34","85.6","519.35K","-0.57%"
"2019-01-31","87.37","86.04","87.7","85.77","422.39K","1.89%"
"2019-01-30","85.75","84.91","87.11","84.29","374.38K","1.01%"
"2019-01-29","84.89","83.94","85.17","82.83","423.72K","2.24%"
"2019-01-28","83.03","83.25","83.6","82.72","266.84K","-0.2%"
"2019-01-25","83.2","82","83.74","81.7","437.17K","2.72%"
"2019-01-24","81","81.43","81.62","80.85","595.33K","-0.91%"
"2019-01-23","81.74","81.78","82.25","80.72","596.15K","-0.22%"
"2019-01-22","81.92","82.12","82.48","81.56","728.61K","-0.55%"
"2019-01-18","82.37","82.58","82.82","81.6","509.20K","-0.56%"
"2019-01-17","82.83","82.32","83.48","82.22","498.35K","0.58%"
"2019-01-16","82.35","81.37","82.7","81.31","482.55K","1.19%"
"2019-01-15","81.38","83.88","84.01","81.22","558.25K","-2.83%"
"2019-01-14","83.75","84.14","84.54","83.04","462.93K","-0.55%"
"2019-01-11","84.21","83.84","84.58","83.16","384.23K","1.02%"
"2019-01-10","83.36","84.41","84.76","82.75","479.11K","-1.24%"
"2019-01-09","84.41","84.63","85.25","84.16","503.73K","-0.55%"
"2019-01-08","84.88","83.95","85.14","83.28","443.27K","0.66%"
"2019-01-07","84.32","85.27","85.27","83.97","426.51K","-0.47%"
"2019-01-04","84.72","84.5","85.1","83.07","524.05K","-0.22%"
"2019-01-03","84.91","85.3","85.62","84.56","528.97K","0.32%"
"2019-01-02","84.64","86","86","84.21","635.28K","-1.18%"
